{
  "r64_matchups": [
    [
      1,
      16,
      155,
      156
    ],
    [
      2,
      15,
      146,
      156
    ],
    [
      3,
      14,
      133,
      156
    ],
    [
      4,
      13,
      124,
      156
    ],
    [
      5,
      12,
      101,
      156
    ],
    [
      6,
      11,
      97,
      156
    ],
    [
      7,
      10,
      95,
      156
    ],
    [
      8,
      9,
      80,
      156
    ]
  ],
  "r32_matchups": [
    [
      1,
      8,
      130,
      152
    ],
    [
      1,
      9,
      145,
      150
    ],
    [
      2,
      7,
      118,
      148
    ],
    [
      2,
      10,
      125,
      140
    ],
    [
      3,
      6,
      100,
      144
    ],
    [
      3,
      11,
      108,
      138
    ],
    [
      4,
      5,
      98,
      150
    ],
    [
      4,
      12,
      105,
      120
    ],
    [
      5,
      4,
      52,
      150
    ]
  ],
  "sweet16_rates": {
    "1": 0.8173076923076923,
    "2": 0.6233974358974359,
    "3": 0.46634615384615385,
    "4": 0.3798076923076923,
    "5": 0.21634615384615385,
    "6": 0.20512820512820512,
    "7": 0.15544871794871795,
    "8": 0.09935897435897435,
    "9": 0.07692307692307693,
    "10": 0.11538461538461539,
    "11": 0.1330128205128205,
    "12": 0.09134615384615384,
    "13": 0.02564102564102564,
    "14": 0.016025641025641024,
    "15": 0.01282051282051282,
    "16": 0.003205128205128205
  },
  "elite8_rates": {
    "1": 0.5448717948717948,
    "2": 0.35096153846153844,
    "3": 0.21955128205128205,
    "4": 0.16025641025641027,
    "5": 0.08333333333333333,
    "6": 0.08012820512820513,
    "7": 0.052884615384615384,
    "8": 0.038461538461538464,
    "9": 0.02564102564102564,
    "10": 0.038461538461538464,
    "11": 0.05608974358974359,
    "12": 0.02564102564102564,
    "13": 0.00641025641025641,
    "14": 0.003205128205128205,
    "15": 0.003205128205128205,
    "16": 0.0016025641025641025
  },
  "final4_rates": {
    "1": 0.3141025641025641,
    "2": 0.16025641025641027,
    "3": 0.09615384615384616,
    "4": 0.057692307692307696,
    "5": 0.035256410256410256,
    "6": 0.028846153846153848,
    "7": 0.016025641025641024,
    "8": 0.019230769230769232,
    "9": 0.009615384615384616,
    "10": 0.01282051282051282,
    "11": 0.02564102564102564,
    "12": 0.00641025641025641,
    "13": 0.0,
    "14": 0.0,
    "15": 0.003205128205128205,
    "16": 0.0
  },
  "championship_rates": {
    "1": 0.16025641025641027,
    "2": 0.057692307692307696,
    "3": 0.035256410256410256,
    "4": 0.019230769230769232,
    "5": 0.009615384615384616,
    "6": 0.009615384615384616,
    "7": 0.00641025641025641,
    "8": 0.01282051282051282,
    "9": 0.003205128205128205,
    "10": 0.003205128205128205,
    "11": 0.009615384615384616,
    "12": 0.0,
    "13": 0.0,
    "14": 0.0,
    "15": 0.0,
    "16": 0.0
  },
  "calibrated_logistic_coeff": 0.17
}