{
  "advancement_probs": {
    "Duke": {
      "1": 0.97929,
      "0": 1.0,
      "2": 0.905524,
      "3": 0.791006,
      "4": 0.659954,
      "5": 0.488558,
      "6": 0.300012
    },
    "Ohio State": {
      "1": 0.670134,
      "0": 1.0,
      "2": 0.068384,
      "3": 0.025548,
      "4": 0.007906,
      "5": 0.00146,
      "6": 0.000208
    },
    "St. John's": {
      "1": 0.950578,
      "0": 1.0,
      "2": 0.514462,
      "3": 0.092418,
      "4": 0.038924,
      "5": 0.010628,
      "6": 0.0021
    },
    "Kansas": {
      "1": 0.957718,
      "0": 1.0,
      "2": 0.479408,
      "3": 0.084928,
      "4": 0.034104,
      "5": 0.00912,
      "6": 0.001772
    },
    "Louisville": {
      "1": 0.876816,
      "0": 1.0,
      "2": 0.383288,
      "3": 0.198026,
      "4": 0.04598,
      "5": 0.014636,
      "6": 0.003278
    },
    "Michigan State": {
      "1": 0.969006,
      "0": 1.0,
      "2": 0.600626,
      "3": 0.356228,
      "4": 0.10112,
      "5": 0.03912,
      "6": 0.010794
    },
    "UCLA": {
      "1": 0.757196,
      "0": 1.0,
      "2": 0.211874,
      "3": 0.057722,
      "4": 0.008246,
      "5": 0.00155,
      "6": 0.000176
    },
    "UConn": {
      "1": 0.973936,
      "0": 1.0,
      "2": 0.755164,
      "3": 0.382098,
      "4": 0.102398,
      "5": 0.037482,
      "6": 0.009844
    },
    "Siena": {
      "0": 1.0,
      "1": 0.02071,
      "2": 0.000854,
      "3": 2.4e-05
    },
    "TCU": {
      "0": 1.0,
      "1": 0.329866,
      "2": 0.025238,
      "3": 0.00588,
      "4": 0.000956,
      "5": 9.6e-05,
      "6": 6e-06
    },
    "Northern Iowa": {
      "0": 1.0,
      "1": 0.049422,
      "2": 0.003278,
      "3": 8.8e-05,
      "4": 2e-06
    },
    "Cal Baptist": {
      "0": 1.0,
      "1": 0.042282,
      "2": 0.002852,
      "3": 0.000108,
      "4": 2e-06
    },
    "South Florida": {
      "0": 1.0,
      "1": 0.123184,
      "2": 0.014664,
      "3": 0.002044,
      "4": 0.000128,
      "5": 6e-06
    },
    "North Dakota State": {
      "0": 1.0,
      "1": 0.030994,
      "2": 0.001422,
      "3": 5.8e-05
    },
    "UCF": {
      "0": 1.0,
      "1": 0.242804,
      "2": 0.031716,
      "3": 0.003782,
      "4": 0.000278,
      "5": 1.8e-05,
      "6": 2e-06
    },
    "Furman": {
      "0": 1.0,
      "1": 0.026064,
      "2": 0.001246,
      "3": 4.2e-05,
      "4": 2e-06
    },
    "Florida": {
      "1": 0.978924,
      "0": 1.0,
      "2": 0.829326,
      "3": 0.60824,
      "4": 0.316856,
      "5": 0.132666,
      "6": 0.052464
    },
    "Clemson": {
      "1": 0.391334,
      "0": 1.0,
      "2": 0.05529,
      "3": 0.014734,
      "4": 0.00215,
      "5": 0.000248,
      "6": 4e-05
    },
    "Vanderbilt": {
      "1": 0.951582,
      "0": 1.0,
      "2": 0.512126,
      "3": 0.176226,
      "4": 0.053108,
      "5": 0.013492,
      "6": 0.002944
    },
    "Nebraska": {
      "1": 0.960634,
      "0": 1.0,
      "2": 0.482416,
      "3": 0.159492,
      "4": 0.045848,
      "5": 0.01101,
      "6": 0.002346
    },
    "North Carolina": {
      "1": 0.786364,
      "0": 1.0,
      "2": 0.15218,
      "3": 0.034868,
      "4": 0.008506,
      "5": 0.001442,
      "6": 0.000186
    },
    "Illinois": {
      "1": 0.968524,
      "0": 1.0,
      "2": 0.825826,
      "3": 0.460606,
      "4": 0.277282,
      "5": 0.117396,
      "6": 0.046912
    },
    "St. Mary's": {
      "1": 0.669818,
      "0": 1.0,
      "2": 0.119344,
      "3": 0.026706,
      "4": 0.006108,
      "5": 0.000958,
      "6": 0.000138
    },
    "Houston": {
      "1": 0.974892,
      "0": 1.0,
      "2": 0.841928,
      "3": 0.470554,
      "4": 0.28114,
      "5": 0.118648,
      "6": 0.047172
    },
    "Prairie View A&M": {
      "0": 1.0,
      "1": 0.021076,
      "2": 0.000916,
      "3": 3.4e-05
    },
    "Iowa": {
      "0": 1.0,
      "1": 0.608666,
      "2": 0.114468,
      "3": 0.041062,
      "4": 0.007994,
      "5": 0.0014,
      "6": 0.0002
    },
    "McNeese": {
      "0": 1.0,
      "1": 0.048418,
      "2": 0.003134,
      "3": 0.000114,
      "4": 4e-06
    },
    "Troy": {
      "0": 1.0,
      "1": 0.039366,
      "2": 0.002324,
      "3": 9.8e-05,
      "4": 1e-05
    },
    "VCU": {
      "0": 1.0,
      "1": 0.213636,
      "2": 0.020026,
      "3": 0.001914,
      "4": 0.000226,
      "5": 1.2e-05
    },
    "Penn": {
      "0": 1.0,
      "1": 0.031476,
      "2": 0.001968,
      "3": 8e-05
    },
    "Texas A&M": {
      "0": 1.0,
      "1": 0.330182,
      "2": 0.037424,
      "3": 0.005224,
      "4": 0.000768,
      "5": 5.4e-05,
      "6": 2e-06
    },
    "Idaho": {
      "0": 1.0,
      "1": 0.025108,
      "2": 0.001304,
      "3": 4.8e-05
    },
    "Arizona": {
      "1": 0.979668,
      "0": 1.0,
      "2": 0.89238,
      "3": 0.749638,
      "4": 0.530012,
      "5": 0.263076,
      "6": 0.137506
    },
    "Villanova": {
      "1": 0.458228,
      "0": 1.0,
      "2": 0.04717,
      "3": 0.014604,
      "4": 0.002512,
      "5": 0.000244,
      "6": 3.8e-05
    },
    "Wisconsin": {
      "1": 0.948328,
      "0": 1.0,
      "2": 0.418338,
      "3": 0.081052,
      "4": 0.021992,
      "5": 0.003654,
      "6": 0.000658
    },
    "Arkansas": {
      "1": 0.94991,
      "0": 1.0,
      "2": 0.573922,
      "3": 0.134202,
      "4": 0.045138,
      "5": 0.00928,
      "6": 0.001986
    },
    "Texas": {
      "1": 0.24662,
      "0": 1.0,
      "2": 0.03706,
      "3": 0.005862,
      "4": 0.000668,
      "5": 6e-05,
      "6": 4e-06
    },
    "Gonzaga": {
      "1": 0.968504,
      "0": 1.0,
      "2": 0.723186,
      "3": 0.362674,
      "4": 0.14166,
      "5": 0.044488,
      "6": 0.014844
    },
    "Miami": {
      "1": 0.736414,
      "0": 1.0,
      "2": 0.12786,
      "3": 0.03056,
      "4": 0.004954,
      "5": 0.000614,
      "6": 6.8e-05
    },
    "Purdue": {
      "1": 0.9745,
      "0": 1.0,
      "2": 0.84504,
      "3": 0.521858,
      "4": 0.230512,
      "5": 0.082526,
      "6": 0.03082
    },
    "LIU": {
      "0": 1.0,
      "1": 0.020332,
      "2": 0.000954,
      "3": 3e-05
    },
    "Utah State": {
      "0": 1.0,
      "1": 0.541772,
      "2": 0.059496,
      "3": 0.02021,
      "4": 0.003872,
      "5": 0.000472,
      "6": 7.4e-05
    },
    "High Point": {
      "0": 1.0,
      "1": 0.051672,
      "2": 0.003112,
      "3": 0.000106
    },
    "Hawaii": {
      "0": 1.0,
      "1": 0.05009,
      "2": 0.004628,
      "3": 0.000158,
      "4": 1e-05
    },
    "BYU": {
      "0": 1.0,
      "1": 0.75338,
      "2": 0.238122,
      "3": 0.076052,
      "4": 0.01843,
      "5": 0.003422,
      "6": 0.000638
    },
    "Kennesaw State": {
      "0": 1.0,
      "1": 0.031496,
      "2": 0.001632,
      "3": 6.6e-05,
      "4": 2e-06
    },
    "Missouri": {
      "0": 1.0,
      "1": 0.263586,
      "2": 0.02565,
      "3": 0.00287,
      "4": 0.000238,
      "5": 6e-06
    },
    "Queens": {
      "0": 1.0,
      "1": 0.0255,
      "2": 0.00145,
      "3": 5.8e-05
    },
    "Michigan": {
      "1": 0.979482,
      "0": 1.0,
      "2": 0.912248,
      "3": 0.79276,
      "4": 0.622652,
      "5": 0.440776,
      "6": 0.278384
    },
    "Georgia": {
      "1": 0.583636,
      "0": 1.0,
      "2": 0.053824,
      "3": 0.016572,
      "4": 0.00353,
      "5": 0.00055,
      "6": 7.2e-05
    },
    "Texas Tech": {
      "1": 0.945798,
      "0": 1.0,
      "2": 0.490744,
      "3": 0.088998,
      "4": 0.03217,
      "5": 0.008824,
      "6": 0.0019
    },
    "Alabama": {
      "1": 0.958414,
      "0": 1.0,
      "2": 0.502632,
      "3": 0.09331,
      "4": 0.033976,
      "5": 0.009332,
      "6": 0.00209
    },
    "Tennessee": {
      "1": 0.772174,
      "0": 1.0,
      "2": 0.383,
      "3": 0.125972,
      "4": 0.026084,
      "5": 0.006938,
      "6": 0.001552
    },
    "Virginia": {
      "1": 0.962462,
      "0": 1.0,
      "2": 0.560484,
      "3": 0.195182,
      "4": 0.044356,
      "5": 0.012874,
      "6": 0.002994
    },