{
  "advancement_probs": {
    "Duke": {
      "1": 0.977994,
      "0": 1.0,
      "2": 0.90864,
      "3": 0.799358,
      "4": 0.672568,
      "5": 0.498212,
      "6": 0.305582
    },
    "Ohio State": {
      "1": 0.654698,
      "0": 1.0,
      "2": 0.06349,
      "3": 0.023138,
      "4": 0.006644,
      "5": 0.001176,
      "6": 0.00017
    },
    "St. John's": {
      "1": 0.935072,
      "0": 1.0,
      "2": 0.495264,
      "3": 0.085468,
      "4": 0.035808,
      "5": 0.009488,
      "6": 0.001876
    },
    "Kansas": {
      "1": 0.936576,
      "0": 1.0,
      "2": 0.492974,
      "3": 0.085328,
      "4": 0.035526,
      "5": 0.009474,
      "6": 0.001824
    },
    "Louisville": {
      "1": 0.863628,
      "0": 1.0,
      "2": 0.35554,
      "3": 0.168944,
      "4": 0.035362,
      "5": 0.010134,
      "6": 0.001964
    },
    "Michigan State": {
      "1": 0.955824,
      "0": 1.0,
      "2": 0.623598,
      "3": 0.361304,
      "4": 0.097646,
      "5": 0.03659,
      "6": 0.009852
    },
    "UCLA": {
      "1": 0.77356,
      "0": 1.0,
      "2": 0.223728,
      "3": 0.067862,
      "4": 0.010024,
      "5": 0.001872,
      "6": 0.000248
    },
    "UConn": {
      "1": 0.960478,
      "0": 1.0,
      "2": 0.742892,
      "3": 0.395414,
      "4": 0.104896,
      "5": 0.037578,
      "6": 0.00986
    },
    "Siena": {
      "0": 1.0,
      "1": 0.022006,
      "2": 0.002298,
      "3": 0.000164,
      "4": 6e-06
    },
    "TCU": {
      "0": 1.0,
      "1": 0.345302,
      "2": 0.025572,
      "3": 0.00608,
      "4": 0.001112,
      "5": 0.000106,
      "6": 6e-06
    },
    "Northern Iowa": {
      "0": 1.0,
      "1": 0.064928,
      "2": 0.00541,
      "3": 0.000234,
      "4": 6e-06
    },
    "Cal Baptist": {
      "0": 1.0,
      "1": 0.063424,
      "2": 0.006352,
      "3": 0.00023,
      "4": 1.4e-05,
      "5": 4e-06
    },
    "South Florida": {
      "0": 1.0,
      "1": 0.136372,
      "2": 0.016772,
      "3": 0.002244,
      "4": 0.00012,
      "5": 1.6e-05
    },
    "North Dakota State": {
      "0": 1.0,
      "1": 0.044176,
      "2": 0.00409,
      "3": 0.000218,
      "4": 1.2e-05
    },
    "UCF": {
      "0": 1.0,
      "1": 0.22644,
      "2": 0.02946,
      "3": 0.003748,
      "4": 0.000252,
      "5": 2e-05
    },
    "Furman": {
      "0": 1.0,
      "1": 0.039522,
      "2": 0.00392,
      "3": 0.000266,
      "4": 4e-06
    },
    "Florida": {
      "1": 0.97465,
      "0": 1.0,
      "2": 0.842728,
      "3": 0.634458,
      "4": 0.344512,
      "5": 0.147218,
      "6": 0.060038
    },
    "Iowa": {
      "1": 0.560658,
      "0": 1.0,
      "2": 0.094424,
      "3": 0.031558,
      "4": 0.005558,
      "5": 0.000828,
      "6": 0.000126
    },
    "Vanderbilt": {
      "1": 0.933408,
      "0": 1.0,
      "2": 0.525454,
      "3": 0.174018,
      "4": 0.05337,
      "5": 0.013126,
      "6": 0.002688
    },
    "Nebraska": {
      "1": 0.931354,
      "0": 1.0,
      "2": 0.461832,
      "3": 0.142934,
      "4": 0.040552,
      "5": 0.009472,
      "6": 0.001864
    },
    "North Carolina": {
      "1": 0.778388,
      "0": 1.0,
      "2": 0.160508,
      "3": 0.036726,
      "4": 0.00875,
      "5": 0.001374,
      "6": 0.000206
    },
    "Illinois": {
      "1": 0.959188,
      "0": 1.0,
      "2": 0.812414,
      "3": 0.438594,
      "4": 0.249688,
      "5": 0.101204,
      "6": 0.03862
    },
    "St. Mary's": {
      "1": 0.64948,
      "0": 1.0,
      "2": 0.108076,
      "3": 0.022924,
      "4": 0.004826,
      "5": 0.00068,
      "6": 9.6e-05
    },
    "Houston": {
      "1": 0.969338,
      "0": 1.0,
      "2": 0.849338,
      "3": 0.49352,
      "4": 0.289344,
      "5": 0.121052,
      "6": 0.047956
    },
    "Prairie View A&M": {
      "0": 1.0,
      "1": 0.02535,
      "2": 0.002764,
      "3": 0.000146,
      "4": 1e-05
    },
    "Clemson": {
      "0": 1.0,
      "1": 0.439342,
      "2": 0.060084,
      "3": 0.016172,
      "4": 0.00238,
      "5": 0.000276,
      "6": 2.2e-05
    },
    "McNeese": {
      "0": 1.0,
      "1": 0.066592,
      "2": 0.006972,
      "3": 0.000398,
      "4": 2.2e-05
    },
    "Troy": {
      "0": 1.0,
      "1": 0.068646,
      "2": 0.005742,
      "3": 0.000316,
      "4": 1.2e-05
    },
    "VCU": {
      "0": 1.0,
      "1": 0.221612,
      "2": 0.022636,
      "3": 0.00231,
      "4": 0.000222,
      "5": 1.6e-05,
      "6": 2e-06
    },
    "Penn": {
      "0": 1.0,
      "1": 0.040812,
      "2": 0.004442,
      "3": 0.000286,
      "4": 1.4e-05
    },
    "Texas A&M": {
      "0": 1.0,
      "1": 0.35052,
      "2": 0.038938,
      "3": 0.00546,
      "4": 0.00073,
      "5": 8.4e-05,
      "6": 2e-06
    },
    "Idaho": {
      "0": 1.0,
      "1": 0.030662,
      "2": 0.003648,
      "3": 0.00018,
      "4": 1e-05
    },
    "Arizona": {
      "1": 0.976806,
      "0": 1.0,
      "2": 0.89128,
      "3": 0.747382,
      "4": 0.539616,
      "5": 0.273332,
      "6": 0.143414
    },
    "Utah State": {
      "1": 0.560246,
      "0": 1.0,
      "2": 0.0625,
      "3": 0.021566,
      "4": 0.004748,
      "5": 0.000602,
      "6": 6.2e-05
    },
    "Wisconsin": {
      "1": 0.923114,
      "0": 1.0,
      "2": 0.39992,
      "3": 0.076194,
      "4": 0.021954,
      "5": 0.003746,
      "6": 0.000686
    },
    "Hawaii": {
      "1": 0.061156,
      "0": 1.0,
      "2": 0.007662,
      "3": 0.000328,
      "4": 1.2e-05
    },
    "Texas": {
      "1": 0.249656,
      "0": 1.0,
      "2": 0.03914,
      "3": 0.006258,
      "4": 0.000626,
      "5": 4.4e-05,
      "6": 2e-06
    },
    "Gonzaga": {
      "1": 0.954434,
      "0": 1.0,
      "2": 0.718664,
      "3": 0.360872,
      "4": 0.135338,
      "5": 0.041118,
      "6": 0.013236
    },
    "Miami": {
      "1": 0.669278,
      "0": 1.0,
      "2": 0.11017,
      "3": 0.0243,
      "4": 0.003594,
      "5": 0.0004,
      "6": 5.4e-05
    },
    "Purdue": {
      "1": 0.963574,
      "0": 1.0,
      "2": 0.849544,
      "3": 0.528102,
      "4": 0.222498,
      "5": 0.07745,
      "6": 0.027902
    },
    "LIU": {
      "0": 1.0,
      "1": 0.023194,
      "2": 0.001944,
      "3": 8.6e-05,
      "4": 4e-06
    },
    "Villanova": {
      "0": 1.0,
      "1": 0.439754,
      "2": 0.044276,
      "3": 0.013088,
      "4": 0.002352,
      "5": 0.000236,
      "6": 3e-05
    },
    "High Point": {
      "0": 1.0,
      "1": 0.076886,
      "2": 0.005698,
      "3": 0.000286,
      "4": 1.6e-05
    },
    "Arkansas": {
      "0": 1.0,
      "1": 0.938844,
      "2": 0.58672,
      "3": 0.14107,
      "4": 0.051808,
      "5": 0.011512,
      "6": 0.002586
    },
    "BYU": {
      "0": 1.0,
      "1": 0.750344,
      "2": 0.237764,
      "3": 0.075218,
      "4": 0.017074,
      "5": 0.002972,
      "6": 0.000528
    },
    "Kennesaw State": {
      "0": 1.0,
      "1": 0.045566,
      "2": 0.004432,
      "3": 0.000276,
      "4": 1.4e-05
    },
    "Missouri": {
      "0": 1.0,
      "1": 0.330722,
      "2": 0.034802,
      "3": 0.004648,
      "4": 0.000336,
      "5": 2.4e-05,
      "6": 2e-06
    },
    "Queens": {
      "0": 1.0,
      "1": 0.036426,
      "2": 0.005484,
      "3": 0.000326,
      "4": 1e-05
    },
    "Michigan": {
      "1": 0.977842,
      "0": 1.0,
      "2": 0.91468,
      "3": 0.79896,
      "4": 0.633594,
      "5": 0.445482,
      "6": 0.278846
    },
    "Georgia": {
      "1": 0.545212,
      "0": 1.0,
      "2": 0.04776,
      "3": 0.013866,
      "4": 0.002812,
      "5": 0.000408,
      "6": 4.6e-05
    },
    "Akron": {
      "1": 0.081706,
      "0": 1.0,
      "2": 0.00827,
      "3": 0.000398,
      "4": 2.6e-05
    },
    "Alabama": {
      "1": 0.939736,
      "0": 1.0,
      "2": 0.520332,
      "3": 0.096148,
      "4": 0.035454,
      "5": 0.00978,
      "6": 0.002192
    },
    "SMU": {
      "1": 0.206964,
      "0": 1.0,
      "2": 0.045608,
      "3": 0.006246,
      "4": 0.000596,
      "5": 6.4e-05,
      "6": 8e-06
    },