{
  "advancement_probs": {
    "Duke": {
      "1": 0.979512,
      "0": 1.0,
      "2": 0.90544,
      "3": 0.790566,
      "4": 0.660184,
      "5": 0.489156,
      "6": 0.300184
    },
    "Ohio State": {
      "1": 0.668004,
      "0": 1.0,
      "2": 0.067998,
      "3": 0.025648,
      "4": 0.007528,
      "5": 0.001484,
      "6": 0.00019
    },
    "St. John's": {
      "1": 0.950086,
      "0": 1.0,
      "2": 0.5124,
      "3": 0.092232,
      "4": 0.038804,
      "5": 0.010986,
      "6": 0.0022
    },
    "Kansas": {
      "1": 0.957684,
      "0": 1.0,
      "2": 0.481536,
      "3": 0.08535,
      "4": 0.034156,
      "5": 0.009092,
      "6": 0.001714
    },
    "South Florida": {
      "1": 0.123246,
      "0": 1.0,
      "2": 0.014284,
      "3": 0.001992,
      "4": 0.000132,
      "5": 4e-06
    },
    "Michigan State": {
      "1": 0.9689,
      "0": 1.0,
      "2": 0.600014,
      "3": 0.354774,
      "4": 0.100268,
      "5": 0.03917,
      "6": 0.010826
    },
    "UCLA": {
      "1": 0.757668,
      "0": 1.0,
      "2": 0.210782,
      "3": 0.05759,
      "4": 0.008362,
      "5": 0.001462,
      "6": 0.000182
    },
    "UConn": {
      "1": 0.974096,
      "0": 1.0,
      "2": 0.756042,
      "3": 0.382456,
      "4": 0.103052,
      "5": 0.037362,
      "6": 0.009636
    },
    "Siena": {
      "0": 1.0,
      "1": 0.020488,
      "2": 0.00097,
      "3": 3e-05,
      "4": 2e-06
    },
    "TCU": {
      "0": 1.0,
      "1": 0.331996,
      "2": 0.025592,
      "3": 0.00597,
      "4": 0.00115,
      "5": 0.000114,
      "6": 2e-06
    },
    "Northern Iowa": {
      "0": 1.0,
      "1": 0.049914,
      "2": 0.003198,
      "3": 0.000118
    },
    "Cal Baptist": {
      "0": 1.0,
      "1": 0.042316,
      "2": 0.002866,
      "3": 8.6e-05,
      "4": 4e-06
    },
    "Louisville": {
      "0": 1.0,
      "1": 0.876754,
      "2": 0.384252,
      "3": 0.198976,
      "4": 0.046058,
      "5": 0.01455,
      "6": 0.0033
    },
    "North Dakota State": {
      "0": 1.0,
      "1": 0.0311,
      "2": 0.00145,
      "3": 4.2e-05,
      "4": 4e-06
    },
    "UCF": {
      "0": 1.0,
      "1": 0.242332,
      "2": 0.031768,
      "3": 0.004118,
      "4": 0.000296,
      "5": 3e-05,
      "6": 2e-06
    },
    "Furman": {
      "0": 1.0,
      "1": 0.025904,
      "2": 0.001408,
      "3": 5.2e-05
    },
    "Florida": {
      "1": 0.979362,
      "0": 1.0,
      "2": 0.83015,
      "3": 0.608568,
      "4": 0.315322,
      "5": 0.131846,
      "6": 0.05228
    },
    "Iowa": {
      "1": 0.6088,
      "0": 1.0,
      "2": 0.1137,
      "3": 0.041094,
      "4": 0.007902,
      "5": 0.001346,
      "6": 0.000162
    },
    "Vanderbilt": {
      "1": 0.951576,
      "0": 1.0,
      "2": 0.511246,
      "3": 0.175946,
      "4": 0.052808,
      "5": 0.01338,
      "6": 0.003064
    },
    "Nebraska": {
      "1": 0.960766,
      "0": 1.0,
      "2": 0.48312,
      "3": 0.159252,
      "4": 0.045648,
      "5": 0.011442,
      "6": 0.002376
    },
    "North Carolina": {
      "1": 0.7861,
      "0": 1.0,
      "2": 0.151248,
      "3": 0.034314,
      "4": 0.008304,
      "5": 0.001382,
      "6": 0.000178
    },
    "Illinois": {
      "1": 0.96939,
      "0": 1.0,
      "2": 0.827226,
      "3": 0.461028,
      "4": 0.27833,
      "5": 0.117278,
      "6": 0.046906
    },
    "St. Mary's": {
      "1": 0.669216,
      "0": 1.0,
      "2": 0.118896,
      "3": 0.026468,
      "4": 0.006232,
      "5": 0.001044,
      "6": 0.000126
    },
    "Houston": {
      "1": 0.975068,
      "0": 1.0,
      "2": 0.842262,
      "3": 0.47099,
      "4": 0.282234,
      "5": 0.118504,
      "6": 0.04641
    },
    "Prairie View A&M": {
      "0": 1.0,
      "1": 0.020638,
      "2": 0.00096,
      "3": 2.8e-05
    },
    "Clemson": {
      "0": 1.0,
      "1": 0.3912,
      "2": 0.05519,
      "3": 0.014906,
      "4": 0.002234,
      "5": 0.000306,
      "6": 3.4e-05
    },
    "McNeese": {
      "0": 1.0,
      "1": 0.048424,
      "2": 0.003314,
      "3": 0.000112,
      "4": 2e-06
    },
    "Troy": {
      "0": 1.0,
      "1": 0.039234,
      "2": 0.00232,
      "3": 9.4e-05,
      "4": 2e-06
    },
    "VCU": {
      "0": 1.0,
      "1": 0.2139,
      "2": 0.019592,
      "3": 0.00184,
      "4": 0.00018,
      "5": 8e-06
    },
    "Penn": {
      "0": 1.0,
      "1": 0.03061,
      "2": 0.001934,
      "3": 7.2e-05,
      "4": 2e-06
    },
    "Texas A&M": {
      "0": 1.0,
      "1": 0.330784,
      "2": 0.03753,
      "3": 0.005238,
      "4": 0.000794,
      "5": 5.4e-05,
      "6": 6e-06
    },
    "Idaho": {
      "0": 1.0,
      "1": 0.024932,
      "2": 0.001312,
      "3": 5e-05,
      "4": 6e-06
    },
    "Arizona": {
      "1": 0.979324,
      "0": 1.0,
      "2": 0.892294,
      "3": 0.749428,
      "4": 0.52897,
      "5": 0.26266,
      "6": 0.137432
    },
    "Villanova": {
      "1": 0.459204,
      "0": 1.0,
      "2": 0.047672,
      "3": 0.0145,
      "4": 0.002582,
      "5": 0.000292,
      "6": 4.4e-05
    },
    "Wisconsin": {
      "1": 0.94846,
      "0": 1.0,
      "2": 0.416922,
      "3": 0.080476,
      "4": 0.021668,
      "5": 0.003704,
      "6": 0.00059
    },
    "Arkansas": {
      "1": 0.949256,
      "0": 1.0,
      "2": 0.57541,
      "3": 0.135048,
      "4": 0.04581,
      "5": 0.00983,
      "6": 0.002074
    },
    "BYU": {
      "1": 0.75293,
      "0": 1.0,
      "2": 0.23809,
      "3": 0.07626,
      "4": 0.018454,
      "5": 0.003392,
      "6": 0.00063
    },
    "Gonzaga": {
      "1": 0.968856,
      "0": 1.0,
      "2": 0.72306,
      "3": 0.362338,
      "4": 0.14255,
      "5": 0.044572,
      "6": 0.014614
    },
    "Miami": {
      "1": 0.738668,
      "0": 1.0,
      "2": 0.129272,
      "3": 0.030478,
      "4": 0.004908,
      "5": 0.000606,
      "6": 9.4e-05
    },
    "Purdue": {
      "1": 0.974432,
      "0": 1.0,
      "2": 0.84447,
      "3": 0.521884,
      "4": 0.230358,
      "5": 0.08243,
      "6": 0.031224
    },
    "LIU": {
      "0": 1.0,
      "1": 0.020676,
      "2": 0.000908,
      "3": 2.8e-05
    },
    "Utah State": {
      "0": 1.0,
      "1": 0.540796,
      "2": 0.059126,
      "3": 0.020224,
      "4": 0.003804,
      "5": 0.000472,
      "6": 5e-05
    },
    "High Point": {
      "0": 1.0,
      "1": 0.05154,
      "2": 0.002928,
      "3": 0.000102,
      "4": 2e-06
    },
    "Hawaii": {
      "0": 1.0,
      "1": 0.050744,
      "2": 0.00474,
      "3": 0.000194,
      "4": 6e-06
    },
    "Texas": {
      "0": 1.0,
      "1": 0.24707,
      "2": 0.037262,
      "3": 0.005922,
      "4": 0.000616,
      "5": 5.6e-05,
      "6": 8e-06
    },
    "Kennesaw State": {
      "0": 1.0,
      "1": 0.031144,
      "2": 0.001588,
      "3": 7.8e-05
    },
    "Missouri": {
      "0": 1.0,
      "1": 0.261332,
      "2": 0.02492,
      "3": 0.002986,
      "4": 0.00027,
      "5": 6e-06
    },
    "Queens": {
      "0": 1.0,
      "1": 0.025568,
      "2": 0.001338,
      "3": 5.4e-05,
      "4": 2e-06
    },
    "Michigan": {
      "1": 0.979208,
      "0": 1.0,
      "2": 0.911122,
      "3": 0.79223,
      "4": 0.622462,
      "5": 0.440692,
      "6": 0.278922
    },
    "St. Louis": {
      "1": 0.415868,
      "0": 1.0,
      "2": 0.033284,
      "3": 0.008114,
      "4": 0.001278,
      "5": 0.000152,
      "6": 1.4e-05
    },
    "Texas Tech": {
      "1": 0.94558,
      "0": 1.0,
      "2": 0.491722,
      "3": 0.089448,
      "4": 0.032282,
      "5": 0.008734,
      "6": 0.001868
    },
    "Alabama": {
      "1": 0.958122,
      "0": 1.0,
      "2": 0.501496,
      "3": 0.092918,
      "4": 0.033386,
      "5": 0.009078,
      "6": 0.00204
    },
    "Tennessee": {
      "1": 0.771878,
      "0": 1.0,
      "2": 0.38135,
      "3": 0.125216,
      "4": 0.02588,
      "5": 0.006968,
      "6": 0.001562
    },
    "Virginia": {
      "1": 0.96199,
      "0": 1.0,
      "2": 0.561982,
      "3": 0.19543,
      "4": 0.044646,