{
  "advancement_probs": {
    "Duke": {
      "1": 0.979794,
      "0": 1.0,
      "2": 0.906098,
      "3": 0.791064,
      "4": 0.660178,
      "5": 0.488402,
      "6": 0.298914
    },
    "Ohio State": {
      "1": 0.66824,
      "0": 1.0,
      "2": 0.067906,
      "3": 0.025628,
      "4": 0.007786,
      "5": 0.001446,
      "6": 0.000184
    },
    "St. John's": {
      "1": 0.94974,
      "0": 1.0,
      "2": 0.513438,
      "3": 0.09204,
      "4": 0.038858,
      "5": 0.011046,
      "6": 0.002178
    },
    "Kansas": {
      "1": 0.957766,
      "0": 1.0,
      "2": 0.480416,
      "3": 0.085206,
      "4": 0.034098,
      "5": 0.008982,
      "6": 0.001798
    },
    "Louisville": {
      "1": 0.877924,
      "0": 1.0,
      "2": 0.383848,
      "3": 0.198566,
      "4": 0.046434,
      "5": 0.014952,
      "6": 0.003362
    },
    "Michigan State": {
      "1": 0.96919,
      "0": 1.0,
      "2": 0.600384,
      "3": 0.355118,
      "4": 0.09999,
      "5": 0.038612,
      "6": 0.01078
    },
    "UCLA": {
      "1": 0.757584,
      "0": 1.0,
      "2": 0.210738,
      "3": 0.05706,
      "4": 0.00815,
      "5": 0.001402,
      "6": 0.000146
    },
    "UConn": {
      "1": 0.974108,
      "0": 1.0,
      "2": 0.756314,
      "3": 0.383254,
      "4": 0.103002,
      "5": 0.036992,
      "6": 0.00982
    },
    "Siena": {
      "0": 1.0,
      "1": 0.020206,
      "2": 0.000976,
      "3": 2.8e-05,
      "4": 2e-06
    },
    "TCU": {
      "0": 1.0,
      "1": 0.33176,
      "2": 0.02502,
      "3": 0.00579,
      "4": 0.001074,
      "5": 9.8e-05,
      "6": 1e-05
    },
    "Northern Iowa": {
      "0": 1.0,
      "1": 0.05026,
      "2": 0.003346,
      "3": 0.000152,
      "4": 1e-05
    },
    "Cal Baptist": {
      "0": 1.0,
      "1": 0.042234,
      "2": 0.0028,
      "3": 9.2e-05,
      "4": 4e-06
    },
    "South Florida": {
      "0": 1.0,
      "1": 0.122076,
      "2": 0.014274,
      "3": 0.002002,
      "4": 0.000134,
      "5": 1.4e-05,
      "6": 4e-06
    },
    "North Dakota State": {
      "0": 1.0,
      "1": 0.03081,
      "2": 0.001494,
      "3": 4.4e-05
    },
    "UCF": {
      "0": 1.0,
      "1": 0.242416,
      "2": 0.031628,
      "3": 0.003918,
      "4": 0.000278,
      "5": 1.8e-05
    },
    "Furman": {
      "0": 1.0,
      "1": 0.025892,
      "2": 0.00132,
      "3": 3.8e-05,
      "4": 2e-06
    },
    "Florida": {
      "1": 0.97882,
      "0": 1.0,
      "2": 0.83021,
      "3": 0.60899,
      "4": 0.316188,
      "5": 0.133178,
      "6": 0.05291
    },
    "Clemson": {
      "1": 0.39199,
      "0": 1.0,
      "2": 0.05521,
      "3": 0.014908,
      "4": 0.002202,
      "5": 0.000268,
      "6": 2.4e-05
    },
    "Vanderbilt": {
      "1": 0.951104,
      "0": 1.0,
      "2": 0.512574,
      "3": 0.175788,
      "4": 0.052892,
      "5": 0.013636,
      "6": 0.003022
    },
    "Nebraska": {
      "1": 0.96006,
      "0": 1.0,
      "2": 0.481764,
      "3": 0.159142,
      "4": 0.045752,
      "5": 0.011226,
      "6": 0.002282
    },
    "North Carolina": {
      "1": 0.786714,
      "0": 1.0,
      "2": 0.152092,
      "3": 0.035068,
      "4": 0.008596,
      "5": 0.001468,
      "6": 0.0002
    },
    "Illinois": {
      "1": 0.968658,
      "0": 1.0,
      "2": 0.825924,
      "3": 0.46229,
      "4": 0.277862,
      "5": 0.116972,
      "6": 0.046434
    },
    "St. Mary's": {
      "1": 0.668464,
      "0": 1.0,
      "2": 0.118756,
      "3": 0.026152,
      "4": 0.006018,
      "5": 0.00094,
      "6": 0.00011
    },
    "Houston": {
      "1": 0.97507,
      "0": 1.0,
      "2": 0.842298,
      "3": 0.469172,
      "4": 0.281504,
      "5": 0.118926,
      "6": 0.04774
    },
    "Prairie View A&M": {
      "0": 1.0,
      "1": 0.02118,
      "2": 0.000956,
      "3": 2.8e-05
    },
    "Iowa": {
      "0": 1.0,
      "1": 0.60801,
      "2": 0.113624,
      "3": 0.040962,
      "4": 0.008006,
      "5": 0.001316,
      "6": 0.00019
    },
    "McNeese": {
      "0": 1.0,
      "1": 0.048896,
      "2": 0.003268,
      "3": 0.000118,
      "4": 6e-06
    },
    "Troy": {
      "0": 1.0,
      "1": 0.03994,
      "2": 0.002394,
      "3": 6.4e-05
    },
    "VCU": {
      "0": 1.0,
      "1": 0.213286,
      "2": 0.020102,
      "3": 0.00194,
      "4": 0.000206,
      "5": 2e-05
    },
    "Penn": {
      "0": 1.0,
      "1": 0.031342,
      "2": 0.001882,
      "3": 6.8e-05
    },
    "Texas A&M": {
      "0": 1.0,
      "1": 0.331536,
      "2": 0.037662,
      "3": 0.005262,
      "4": 0.000766,
      "5": 8.6e-05,
      "6": 4e-06
    },
    "Idaho": {
      "0": 1.0,
      "1": 0.02493,
      "2": 0.001284,
      "3": 4.8e-05,
      "4": 2e-06
    },
    "Arizona": {
      "1": 0.97956,
      "0": 1.0,
      "2": 0.89271,
      "3": 0.750426,
      "4": 0.530224,
      "5": 0.263944,
      "6": 0.138032
    },
    "Utah State": {
      "1": 0.541378,
      "0": 1.0,
      "2": 0.059298,
      "3": 0.020134,
      "4": 0.003856,
      "5": 0.000474,
      "6": 6.6e-05
    },
    "Wisconsin": {
      "1": 0.948404,
      "0": 1.0,
      "2": 0.418816,
      "3": 0.080056,
      "4": 0.021902,
      "5": 0.00386,
      "6": 0.000706
    },
    "Arkansas": {
      "1": 0.949416,
      "0": 1.0,
      "2": 0.573356,
      "3": 0.134782,
      "4": 0.045546,
      "5": 0.009466,
      "6": 0.002104
    },
    "Texas": {
      "1": 0.247522,
      "0": 1.0,
      "2": 0.037074,
      "3": 0.005904,
      "4": 0.000746,
      "5": 5.4e-05,
      "6": 4e-06
    },
    "Gonzaga": {
      "1": 0.968968,
      "0": 1.0,
      "2": 0.72368,
      "3": 0.36306,
      "4": 0.142164,
      "5": 0.045006,
      "6": 0.014802
    },
    "Miami": {
      "1": 0.737102,
      "0": 1.0,
      "2": 0.128944,
      "3": 0.03073,
      "4": 0.005028,
      "5": 0.000594,
      "6": 6.6e-05
    },
    "Purdue": {
      "1": 0.974754,
      "0": 1.0,
      "2": 0.844896,
      "3": 0.521976,
      "4": 0.229594,
      "5": 0.082424,
      "6": 0.030758
    },
    "LIU": {
      "0": 1.0,
      "1": 0.02044,
      "2": 0.000866,
      "3": 2.8e-05,
      "4": 2e-06
    },
    "Villanova": {
      "0": 1.0,
      "1": 0.458622,
      "2": 0.047126,
      "3": 0.014258,
      "4": 0.00239,
      "5": 0.000246,
      "6": 2e-05
    },
    "High Point": {
      "0": 1.0,
      "1": 0.051596,
      "2": 0.00302,
      "3": 0.000136,
      "4": 6e-06
    },
    "Hawaii": {
      "0": 1.0,
      "1": 0.050584,
      "2": 0.004808,
      "3": 0.00018,
      "4": 1e-05
    },
    "BYU": {
      "0": 1.0,
      "1": 0.752478,
      "2": 0.237662,
      "3": 0.075412,
      "4": 0.01828,
      "5": 0.00338,
      "6": 0.0006
    },
    "Kennesaw State": {
      "0": 1.0,
      "1": 0.031032,
      "2": 0.001584,
      "3": 4.8e-05
    },
    "Missouri": {
      "0": 1.0,
      "1": 0.262898,
      "2": 0.02483,
      "3": 0.00282,
      "4": 0.000252,
      "5": 8e-06,
      "6": 2e-06
    },
    "Queens": {
      "0": 1.0,
      "1": 0.025246,
      "2": 0.00133,
      "3": 5e-05
    },
    "Michigan": {
      "1": 0.979498,
      "0": 1.0,
      "2": 0.912188,
      "3": 0.79263,
      "4": 0.62264,
      "5": 0.440058,
      "6": 0.278196
    },
    "Georgia": {
      "1": 0.583252,
      "0": 1.0,
      "2": 0.054034,
      "3": 0.01682,
      "4": 0.003544,
      "5": 0.000608,
      "6": 9.8e-05
    },
    "Texas Tech": {
      "1": 0.945916,
      "0": 1.0,
      "2": 0.490418,
      "3": 0.08921,
      "4": 0.032634,
      "5": 0.008788,
      "6": 0.001914
    },
    "Alabama": {
      "1": 0.958242,
      "0": 1.0,
      "2": 0.502956,
      "3": 0.093092,
      "4": 0.034054,
      "5": 0.009334,
      "6": 0.002048
    },
    "SMU": {
      "1": 0.227866,
      "0": 1.0,
      "2": 0.05403,
      "3": 0.00786,
      "4": 0.00073,
      "5": 7.2e-05,
      "6": 1e-05
    },
    "Virginia": {
      "1": 0.962418,
      "0": 1.0,
      "2": 0.561446,
      "3": 0.19555,
      "4": 0.044492,